Perception,Target,iptm,ptm,ligand_fls2_iptm,ligand_coreceptor_iptm,ligand_pae_min_fls2,ligand_pae_min_coreceptor
Perception,1,0.92,0.8933333333333334,0.91,0.7033333333333333,1.7433333333333334,1.8466666666666667
Perception,1,0.91,0.89,0.8966666666666666,0.68,2.1533333333333338,2.276666666666667
Perception,1,0.8166666666666668,0.8666666666666667,0.8666666666666667,0.54,2.59,5.823333333333333
Perception,1,0.91,0.89,0.8866666666666667,0.6666666666666666,2.0366666666666666,2.3533333333333335
Perception,1,0.9133333333333334,0.89,0.8866666666666667,0.6633333333333334,2.1133333333333333,2.4333333333333336
Perception,1,0.91,0.89,0.88,0.6566666666666667,2.1999999999999997,2.38
Perception,1,0.91,0.89,0.8866666666666667,0.66,2.046666666666667,2.39
Perception,1,0.91,0.89,0.8933333333333334,0.6766666666666667,1.88,2.1366666666666663
Perception,1,0.91,0.89,0.8866666666666667,0.6633333333333334,1.97,2.2666666666666666
Perception,1,0.9166666666666666,0.8933333333333334,0.91,0.7033333333333333,1.8399999999999999,1.9333333333333333
Perception,1,0.91,0.8866666666666667,0.8566666666666666,0.64,2.35,2.5566666666666666
Perception,1,0.91,0.89,0.88,0.6566666666666667,2.183333333333333,2.516666666666666
Perception,1,0.91,0.89,0.8966666666666666,0.6733333333333333,2.0933333333333333,2.34
Perception,1,0.9133333333333334,0.89,0.9066666666666667,0.68,1.7266666666666666,2.033333333333333
Perception,1,0.92,0.8933333333333334,0.9133333333333334,0.7133333333333333,1.7,1.7833333333333332
Perception,1,0.91,0.89,0.9,0.68,1.9866666666666666,2.1666666666666665
Perception,1,0.9033333333333333,0.8866666666666667,0.8766666666666666,0.6366666666666667,1.9933333333333334,2.603333333333333
Perception,1,0.92,0.8933333333333334,0.91,0.6999999999999998,1.7166666666666666,1.9133333333333333
Perception,1,0.9166666666666666,0.8933333333333334,0.9133333333333334,0.71,1.7633333333333334,1.87
Perception,1,0.91,0.8866666666666667,0.89,0.67,2.1599999999999997,2.4066666666666667
Perception,1,0.91,0.89,0.8866666666666667,0.6733333333333333,1.9733333333333334,2.16
Perception,1,0.9166666666666666,0.8933333333333334,0.8933333333333334,0.6833333333333335,1.7466666666666668,1.9166666666666667
Perception,1,0.9133333333333334,0.89,0.89,0.6733333333333333,2.33,2.3066666666666666
Perception,1,0.8966666666666666,0.88,0.8366666666666666,0.5766666666666667,3.5966666666666662,4.13
Perception,1,0.8966666666666666,0.88,0.8333333333333334,0.5766666666666667,3.56,4.21
Perception,1,0.9033333333333333,0.88,0.8733333333333334,0.6266666666666666,2.983333333333334,3.2900000000000005
No perception,0,0.87,0.8733333333333334,0.62,0.36000000000000004,7.536666666666666,10.283333333333333
No perception,0,0.9066666666666667,0.8866666666666667,0.8633333333333333,0.6233333333333334,2.526666666666667,3.06
No perception,0,0.8733333333333334,0.87,0.7166666666666668,0.4266666666666667,4.096666666666667,8.033333333333333
No perception,0,0.8366666666666666,0.87,0.48333333333333334,0.27999999999999997,9.643333333333333,10.373333333333333
No perception,0,0.8366666666666666,0.8666666666666667,0.7666666666666666,0.4366666666666667,4.1866666666666665,9.6
No perception,0,0.85,0.8633333333333333,0.7633333333333333,0.4466666666666666,4.199999999999999,8.406666666666666
No perception,0,0.9,0.8833333333333333,0.84,0.6066666666666666,3.3833333333333333,3.7899999999999996
No perception,0,0.9066666666666667,0.8866666666666667,0.8633333333333333,0.64,3.1833333333333336,3.1466666666666665
No perception,0,0.8966666666666666,0.8833333333333333,0.7833333333333333,0.5366666666666667,3.25,4.296666666666666
No perception,0,0.7966666666666667,0.8533333333333334,0.37999999999999995,0.19999999999999998,14.916666666666666,14.913333333333334
No perception,0,0.8833333333333333,0.8766666666666666,0.7233333333333333,0.4766666666666666,5.716666666666666,6.366666666666667
No perception,0,0.8733333333333334,0.88,0.5800000000000001,0.3466666666666667,9.183333333333332,9.770000000000001
No perception,0,0.8333333333333334,0.8666666666666667,0.5066666666666667,0.2733333333333333,10.823333333333332,13.053333333333335
No perception,0,0.8766666666666666,0.8766666666666666,0.5800000000000001,0.36333333333333334,8.186666666666667,8.636666666666668
No perception,0,0.8566666666666666,0.87,0.5199999999999999,0.2833333333333333,10.506666666666666,11.103333333333333
No perception,0,0.8166666666666665,0.86,0.43333333333333335,0.24333333333333332,13.266666666666666,11.743333333333334
No perception,0,0.8466666666666667,0.8733333333333334,0.5,0.28,11.033333333333333,11.083333333333334
No perception,0,0.85,0.8733333333333334,0.55,0.31666666666666665,9.253333333333334,11.176666666666668
No perception,0,0.8966666666666666,0.8833333333333333,0.7433333333333333,0.5233333333333333,4.88,4.913333333333333
No perception,0,0.8733333333333334,0.8733333333333334,0.6233333333333334,0.3833333333333333,7.413333333333334,9.610000000000001
No perception,0,0.8833333333333333,0.8833333333333333,0.6933333333333334,0.47000000000000003,5.616666666666667,5.913333333333333
No perception,0,0.8366666666666666,0.86,0.4633333333333333,0.26,11.566666666666668,11.576666666666666
No perception,0,0.8633333333333333,0.87,0.5333333333333333,0.3033333333333334,9.51,10.72
No perception,0,0.87,0.8733333333333334,0.5766666666666667,0.3466666666666667,8.270000000000001,9.533333333333333
No perception,0,0.9033333333333333,0.89,0.7766666666666667,0.5866666666666666,3.5766666666666667,3.22
No perception,0,0.87,0.87,0.5866666666666666,0.35333333333333333,8.483333333333333,10.126666666666667
No perception,0,0.8366666666666666,0.8633333333333333,0.55,0.2933333333333333,10.090000000000002,11.33
No perception,0,0.87,0.8733333333333334,0.64,0.38666666666666666,6.9433333333333325,9.719999999999999
No perception,0,0.89,0.8833333333333333,0.7033333333333333,0.47333333333333333,5.553333333333334,6.083333333333333
No perception,0,0.88,0.8733333333333334,0.6333333333333333,0.38999999999999996,7.086666666666666,9.306666666666667
No perception,0,0.87,0.8733333333333334,0.6833333333333335,0.41,6.033333333333334,8.936666666666666
No perception,0,0.85,0.8633333333333333,0.49333333333333335,0.28,10.096666666666666,11.063333333333333
No perception,0,0.89,0.8833333333333333,0.6966666666666667,0.43333333333333335,5.226666666666667,7.873333333333334
No perception,0,0.8966666666666666,0.8866666666666667,0.6833333333333332,0.49,5.493333333333333,4.736666666666667
No perception,0,0.86,0.87,0.5033333333333333,0.28,9.383333333333333,10.57
No perception,0,0.8866666666666667,0.8733333333333334,0.6933333333333334,0.4466666666666666,5.3566666666666665,8.19
No perception,0,0.8666666666666667,0.87,0.62,0.37666666666666665,7.28,9.353333333333333
No perception,0,0.8833333333333333,0.8766666666666666,0.64,0.38333333333333336,7.280000000000001,8.856666666666667
No perception,0,0.82,0.8633333333333333,0.4533333333333333,0.25333333333333335,11.496666666666668,11.983333333333334
No perception,0,0.8566666666666666,0.87,0.54,0.3033333333333333,8.973333333333334,10.6
No perception,0,0.87,0.8733333333333334,0.5366666666666666,0.32,9.226666666666667,10.613333333333332
No perception,0,0.8566666666666666,0.8666666666666667,0.5933333333333334,0.32666666666666666,9.346666666666666,10.933333333333332
No perception,0,0.8533333333333334,0.8666666666666667,0.5733333333333333,0.32999999999999996,8.270000000000001,10.883333333333335
No perception,0,0.8633333333333333,0.8666666666666667,0.5466666666666666,0.31666666666666665,9.576666666666668,9.803333333333335
No perception,0,0.8733333333333334,0.8733333333333334,0.5933333333333334,0.3866666666666667,7.12,8.07
No perception,0,0.85,0.8666666666666667,0.5499999999999999,0.31333333333333335,8.51,10.12
No perception,0,0.8566666666666666,0.87,0.5066666666666667,0.3233333333333333,7.913333333333334,9.129999999999999
No perception,0,0.86,0.8666666666666667,0.5266666666666666,0.36000000000000004,10.066666666666666,8.583333333333334
No perception,0,0.8633333333333333,0.87,0.4633333333333334,0.26666666666666666,10.356666666666667,10.463333333333333
No perception,0,0.87,0.8733333333333334,0.5533333333333333,0.33,8.540000000000001,10.083333333333334
No perception,0,0.84,0.8633333333333333,0.51,0.2866666666666667,8.823333333333332,11.146666666666667
No perception,0,0.85,0.87,0.57,0.32,7.316666666666666,12.800000000000002
No perception,0,0.84,0.8666666666666667,0.47333333333333333,0.27,10.88,11.456666666666669
No perception,0,0.8766666666666666,0.8766666666666666,0.6566666666666666,0.39333333333333337,6.253333333333333,8.516666666666666
No perception,0,0.8566666666666666,0.87,0.6833333333333332,0.4000000000000001,4.583333333333333,7.943333333333334
No perception,0,0.89,0.8766666666666666,0.7733333333333334,0.49666666666666665,3.186666666666667,5.213333333333334
No perception,0,0.8066666666666666,0.8533333333333334,0.44333333333333336,0.22666666666666666,11.273333333333333,12.553333333333333
No perception,0,0.88,0.8833333333333333,0.6066666666666667,0.41,7.330000000000001,6.4799999999999995
No perception,0,0.8666666666666667,0.87,0.51,0.2866666666666667,8.86,10.983333333333334
No perception,0,0.87,0.8733333333333334,0.53,0.32,9.576666666666666,9.963333333333333
No perception,0,0.8733333333333334,0.87,0.6,0.3666666666666667,7.29,9.83
No perception,0,0.8966666666666666,0.89,0.7733333333333334,0.5566666666666666,3.873333333333333,3.84
No perception,0,0.8833333333333333,0.8833333333333333,0.6933333333333334,0.47000000000000003,5.616666666666667,5.913333333333333
No perception,0,0.8966666666666666,0.8866666666666667,0.7433333333333333,0.5433333333333333,4.183333333333334,3.736666666666667
No perception,0,0.91,0.89,0.8566666666666666,0.6466666666666666,3.0533333333333332,2.6633333333333336
No perception,0,0.8566666666666666,0.87,0.5633333333333334,0.3133333333333333,8.65,11.063333333333333
No perception,0,0.7933333333333333,0.86,0.5433333333333333,0.31,6.473333333333334,10.723333333333334
No perception,0,0.8533333333333334,0.8666666666666667,0.51,0.31,9.166666666666666,9.713333333333333
No perception,0,0.87,0.87,0.7233333333333333,0.4533333333333333,5.056666666666667,7.460000000000001
No perception,0,0.8966666666666666,0.8866666666666667,0.8033333333333333,0.58,3.1933333333333334,3.3166666666666664
