Perception,ptm
Perception,0.8933333333333334
Perception,0.89
Perception,0.8666666666666667
Perception,0.89
Perception,0.89
Perception,0.89
Perception,0.89
Perception,0.89
Perception,0.89
Perception,0.8933333333333334
Perception,0.8866666666666667
Perception,0.89
Perception,0.89
Perception,0.89
Perception,0.8933333333333334
Perception,0.89
Perception,0.8866666666666667
Perception,0.8933333333333334
Perception,0.8933333333333334
Perception,0.8866666666666667
Perception,0.89
Perception,0.8933333333333334
Perception,0.89
Perception,0.88
Perception,0.88
Perception,0.88
No perception,0.8733333333333334
No perception,0.8866666666666667
No perception,0.87
No perception,0.87
No perception,0.8666666666666667
No perception,0.8633333333333333
No perception,0.8833333333333333
No perception,0.8866666666666667
No perception,0.8833333333333333
No perception,0.8533333333333334
No perception,0.8766666666666666
No perception,0.88
No perception,0.8666666666666667
No perception,0.8766666666666666
No perception,0.87
No perception,0.86
No perception,0.8733333333333334
No perception,0.8733333333333334
No perception,0.8833333333333333
No perception,0.8733333333333334
No perception,0.8833333333333333
No perception,0.86
No perception,0.87
No perception,0.8733333333333334
No perception,0.89
No perception,0.87
No perception,0.8633333333333333
No perception,0.8733333333333334
No perception,0.8833333333333333
No perception,0.8733333333333334
No perception,0.8733333333333334
No perception,0.8633333333333333
No perception,0.8833333333333333
No perception,0.8866666666666667
No perception,0.87
No perception,0.8733333333333334
No perception,0.87
No perception,0.8766666666666666
No perception,0.8633333333333333
No perception,0.87
No perception,0.8733333333333334
No perception,0.8666666666666667
No perception,0.8666666666666667
No perception,0.8666666666666667
No perception,0.8733333333333334
No perception,0.8666666666666667
No perception,0.87
No perception,0.8666666666666667
No perception,0.87
No perception,0.8733333333333334
No perception,0.8633333333333333
No perception,0.87
No perception,0.8666666666666667
No perception,0.8766666666666666
No perception,0.87
No perception,0.8766666666666666
No perception,0.8533333333333334
No perception,0.8833333333333333
No perception,0.87
No perception,0.8733333333333334
No perception,0.87
No perception,0.89
No perception,0.8833333333333333
No perception,0.8866666666666667
No perception,0.89
No perception,0.87
No perception,0.86
No perception,0.8666666666666667
No perception,0.87
No perception,0.8866666666666667
